model,kind,order,gamma,dataset,mode,nll,episodes
tabpfn:v2,synthetic,2,0,,native,0.6426857108809462,3
tabpfn:v2,synthetic,2,0,,identity,0.6503391663030712,3
tabpfn:v2,synthetic,2,0,,trained,0.6503391663030712,3
tabpfn:v2,synthetic,2,0,,heuristic,0.6503391663030712,3
tabpfn:v2,synthetic,2,0,,matched_linear,0.6503391663030712,3
tabpfn:v2,synthetic,2,0,,cv_basis,0.651453427052675,3
tabpfn:v2,synthetic,2,0,,random_basis,0.6510073055734624,3
tabpfn:v2,synthetic,2,0,,deepsets,0.6503391663030712,3
tabpfn:v2,synthetic,2,0,,shuffled,0.6458324848639516,3
tabpfn:v2,synthetic,2,0.9,,native,0.3883990521625899,3
tabpfn:v2,synthetic,2,0.9,,identity,0.238320073218077,3
tabpfn:v2,synthetic,2,0.9,,trained,0.23315966892441833,3
tabpfn:v2,synthetic,2,0.9,,heuristic,0.23315966892441833,3
tabpfn:v2,synthetic,2,0.9,,matched_linear,0.238320073218077,3
tabpfn:v2,synthetic,2,0.9,,cv_basis,0.23315966892441833,3
tabpfn:v2,synthetic,2,0.9,,random_basis,0.24792315618184316,3
tabpfn:v2,synthetic,2,0.9,,deepsets,0.23315966892441833,3
tabpfn:v2,synthetic,2,0.9,,shuffled,0.3728691830921613,3
tabpfn:v2,synthetic,4,0,,native,0.6278424372557445,3
tabpfn:v2,synthetic,4,0,,identity,0.6296698886793038,3
tabpfn:v2,synthetic,4,0,,trained,0.6296698886793038,3
tabpfn:v2,synthetic,4,0,,heuristic,0.6296698886793038,3
tabpfn:v2,synthetic,4,0,,matched_linear,0.6296698886793038,3
tabpfn:v2,synthetic,4,0,,cv_basis,0.6348619732775472,3
tabpfn:v2,synthetic,4,0,,random_basis,0.6334665715363207,3
tabpfn:v2,synthetic,4,0,,deepsets,0.6296698886793038,3
tabpfn:v2,synthetic,4,0,,shuffled,0.630975780824315,3
tabpfn:v2,synthetic,4,0.9,,native,0.6215936199795198,3
tabpfn:v2,synthetic,4,0.9,,identity,0.38789627489137857,3
tabpfn:v2,synthetic,4,0.9,,trained,0.2213163713214049,3
tabpfn:v2,synthetic,4,0.9,,heuristic,0.2213163713214049,3
tabpfn:v2,synthetic,4,0.9,,matched_linear,0.2213163713214049,3
tabpfn:v2,synthetic,4,0.9,,cv_basis,0.2213163713214049,3
tabpfn:v2,synthetic,4,0.9,,random_basis,0.3165123786902328,3
tabpfn:v2,synthetic,4,0.9,,deepsets,0.2213163713214049,3
tabpfn:v2,synthetic,4,0.9,,shuffled,0.6382911234306197,3
tabpfn:v2,natural,,,hepatitis,native,0.3981548587132905,3
tabpfn:v2,natural,,,hepatitis,identity,0.4132061814990759,3
tabpfn:v2,natural,,,hepatitis,trained,0.4132061814990759,3
tabpfn:v2,natural,,,hepatitis,heuristic,0.4161113635806632,3
tabpfn:v2,natural,,,hepatitis,matched_linear,0.4132061814990759,3
tabpfn:v2,natural,,,hepatitis,cv_basis,0.4104673807147562,3
tabpfn:v2,natural,,,hepatitis,random_basis,0.4132789504515538,3
tabpfn:v2,natural,,,hepatitis,deepsets,0.4132061814990759,3
tabpfn:v2,natural,,,hepatitis,shuffled,0.41022423275241476,3
tabpfn:v2,natural,,,horse_colic,native,0.5276108123992788,3
tabpfn:v2,natural,,,horse_colic,identity,0.51921523467766,3
tabpfn:v2,natural,,,horse_colic,trained,0.51921523467766,3
tabpfn:v2,natural,,,horse_colic,heuristic,0.51921523467766,3
tabpfn:v2,natural,,,horse_colic,matched_linear,0.51921523467766,3
tabpfn:v2,natural,,,horse_colic,cv_basis,0.5207513646158016,3
tabpfn:v2,natural,,,horse_colic,random_basis,0.5200844903885538,3
tabpfn:v2,natural,,,horse_colic,deepsets,0.51921523467766,3
tabpfn:v2,natural,,,horse_colic,shuffled,0.5263521482772378,3
tabicl:v2,synthetic,2,0,,native,0.6415503685485785,3
tabicl:v2,synthetic,2,0,,identity,0.6380368607392617,3
tabicl:v2,synthetic,2,0,,trained,0.6380368607392617,3
tabicl:v2,synthetic,2,0,,heuristic,0.6380368607392617,3
tabicl:v2,synthetic,2,0,,matched_linear,0.6380368607392617,3
tabicl:v2,synthetic,2,0,,cv_basis,0.6412421754212053,3
tabicl:v2,synthetic,2,0,,random_basis,0.6388242991261347,3
tabicl:v2,synthetic,2,0,,deepsets,0.6380368607392617,3
tabicl:v2,synthetic,2,0,,shuffled,0.6483907375617594,3
tabicl:v2,synthetic,2,0.9,,native,0.26990418329691757,3
tabicl:v2,synthetic,2,0.9,,identity,0.2525594096236367,3
tabicl:v2,synthetic,2,0.9,,trained,0.23189739839612747,3
tabicl:v2,synthetic,2,0.9,,heuristic,0.23189739839612747,3
tabicl:v2,synthetic,2,0.9,,matched_linear,0.2525594096236367,3
tabicl:v2,synthetic,2,0.9,,cv_basis,0.23189739839612747,3
tabicl:v2,synthetic,2,0.9,,random_basis,0.2623392420759342,3
tabicl:v2,synthetic,2,0.9,,deepsets,0.23189739839612747,3
tabicl:v2,synthetic,2,0.9,,shuffled,0.25732989358849206,3
tabicl:v2,synthetic,4,0,,native,0.6314131966262118,3
tabicl:v2,synthetic,4,0,,identity,0.6334592810621981,3
tabicl:v2,synthetic,4,0,,trained,0.6334592810621981,3
tabicl:v2,synthetic,4,0,,heuristic,0.6334592810621981,3
tabicl:v2,synthetic,4,0,,matched_linear,0.6334592810621981,3
tabicl:v2,synthetic,4,0,,cv_basis,0.6418587672311739,3
tabicl:v2,synthetic,4,0,,random_basis,0.6370455585187668,3
tabicl:v2,synthetic,4,0,,deepsets,0.6334592810621981,3
tabicl:v2,synthetic,4,0,,shuffled,0.6487720137147787,3
tabicl:v2,synthetic,4,0.9,,native,0.460618494843561,3
tabicl:v2,synthetic,4,0.9,,identity,0.311867477738844,3
tabicl:v2,synthetic,4,0.9,,trained,0.21033836563259942,3
tabicl:v2,synthetic,4,0.9,,heuristic,0.21033836563259942,3
tabicl:v2,synthetic,4,0.9,,matched_linear,0.21033836563259942,3
tabicl:v2,synthetic,4,0.9,,cv_basis,0.21033836563259942,3
tabicl:v2,synthetic,4,0.9,,random_basis,0.26033820228362076,3
tabicl:v2,synthetic,4,0.9,,deepsets,0.21033836563259942,3
tabicl:v2,synthetic,4,0.9,,shuffled,0.6232457300908877,3
tabicl:v2,natural,,,hepatitis,native,0.37221574085981274,3
tabicl:v2,natural,,,hepatitis,identity,0.3841472499932775,3
tabicl:v2,natural,,,hepatitis,trained,0.3841472499932775,3
tabicl:v2,natural,,,hepatitis,heuristic,0.39275895900900476,3
tabicl:v2,natural,,,hepatitis,matched_linear,0.3841472499932775,3
tabicl:v2,natural,,,hepatitis,cv_basis,0.38936768546791645,3
tabicl:v2,natural,,,hepatitis,random_basis,0.3829636286510299,3
tabicl:v2,natural,,,hepatitis,deepsets,0.3841472499932775,3
tabicl:v2,natural,,,hepatitis,shuffled,0.387459605194447,3
tabicl:v2,natural,,,horse_colic,native,0.520907038831362,3
tabicl:v2,natural,,,horse_colic,identity,0.5198556588629033,3
tabicl:v2,natural,,,horse_colic,trained,0.5198556588629033,3
tabicl:v2,natural,,,horse_colic,heuristic,0.5198556588629033,3
tabicl:v2,natural,,,horse_colic,matched_linear,0.5198556588629033,3
tabicl:v2,natural,,,horse_colic,cv_basis,0.5201961539148474,3
tabicl:v2,natural,,,horse_colic,random_basis,0.5216676490353348,3
tabicl:v2,natural,,,horse_colic,deepsets,0.5198556588629033,3
tabicl:v2,natural,,,horse_colic,shuffled,0.5186035108697696,3
