gamma,method,category,n_tasks,mean,se,ci_low,ci_high,empirical_nll,oracle_nll,oracle_gap,seconds_total
0.0,histgb_native_indicators,operational,20,0.8332565861376399,0.006669590280904643,0.8192969732466588,0.8472161990286209,0.8297740804078227,0.6191210810456875,0.2141355050919525,4.125915099983104
0.0,interaction_l1_logistic_cv,operational,20,0.6441508336888037,0.003428105111762772,0.6369757272288442,0.6513259401487631,0.6462657426142069,0.6191210810456875,0.02502975264311611,0.4557301999302581
0.0,interaction_l2_logistic_cv,operational,20,0.6449273579865993,0.001858751363784294,0.6410369466710346,0.648817769302164,0.6472673664390992,0.6191210810456875,0.02580627694091168,0.7980562000593636
0.0,pilot_mixture_known_beta_reference,parameter_informed_reference,20,0.61912114953944,6.282386467545008e-08,0.61912101804758,0.6191212810312999,0.6201998730343311,0.6191210810456875,6.849375249196043e-08,0.04343620006693527
0.0,sparse_mixture_fitted_base,operational,20,0.6234783369325614,0.0007122276555142435,0.6219876273173552,0.6249690465477675,0.62548750632174,0.6191210810456875,0.004357255886873912,0.04500990000087768
0.0,u_logistic_cv,operational,20,0.6234781820316632,0.0007122265573430296,0.6219874747149559,0.6249688893483705,0.6254897753280407,0.6191210810456875,0.004357100985975726,0.6182136999559589
0.9,histgb_native_indicators,operational,20,0.2838614313591466,0.006537298196661675,0.27017870898269397,0.2975441537355992,0.2900708601141965,0.1844340440843219,0.09942738727482474,2.4516832999361213
0.9,interaction_l1_logistic_cv,operational,20,0.19336430224813791,0.0017431240323743115,0.18971590171856134,0.1970127027777145,0.19929053295847352,0.1844340440843219,0.008930258163816008,1.2469505999761168
0.9,interaction_l2_logistic_cv,operational,20,0.21123259952236068,0.0031679733937804255,0.20460195500545286,0.2178632440392685,0.2191192757096775,0.1844340440843219,0.0267985554380388,1.1840590999636333
0.9,pilot_mixture_known_beta_reference,parameter_informed_reference,20,0.20036793563724742,0.0008419446862718878,0.19860572515639913,0.2021301461180957,0.2049654107046858,0.1844340440843219,0.015933891552925527,0.038018900027964264
0.9,sparse_mixture_fitted_base,operational,20,0.20228612265024704,0.0010516280960975017,0.2000850397488234,0.20448720555167066,0.206853654567212,0.1844340440843219,0.017852078565925182,0.04838069999823347
0.9,u_logistic_cv,operational,20,0.6253109447573305,0.0022131143757395757,0.6206788431337509,0.6299430463809101,0.6254897753280407,0.1844340440843219,0.4408769006730086,0.5386511000106111
