gamma,method,category,tfm_model,tfm_mode,n_tasks,mean,se,ci_low,ci_high
0.0,histgb_native_indicators,operational,tabicl:v2,native,20,-0.2049581727108011,0.0053579026166475285,-0.21617239176862135,-0.19374395365298086
0.0,histgb_native_indicators,operational,tabicl:v2,native_indicators,20,-0.20514239501840467,0.005874521206585262,-0.21743790921191908,-0.19284688082489027
0.0,histgb_native_indicators,operational,tabpfn:v2,native,20,-0.20701408911837396,0.0063408986135308695,-0.22028574244305807,-0.19374243579368985
0.0,histgb_native_indicators,operational,tabpfn:v2,native_indicators,20,-0.20447561431086742,0.00649612430841251,-0.21807215874880104,-0.1908790698729338
0.0,histgb_native_indicators,operational,xgboost,native,20,-0.11895369269418683,0.004132643240657037,-0.12760341440516973,-0.11030397098320394
0.0,histgb_native_indicators,operational,xgboost,native_indicators,20,-0.11895369269418683,0.004132643240657037,-0.12760341440516973,-0.11030397098320394
0.0,interaction_l1_logistic_cv,operational,tabicl:v2,native,20,-0.01585242026196474,0.003812275454403819,-0.023831604490062126,-0.007873236033867356
0.0,interaction_l1_logistic_cv,operational,tabicl:v2,native_indicators,20,-0.016036642569568316,0.0037210532627130416,-0.023824896556161063,-0.00824838858297557
0.0,interaction_l1_logistic_cv,operational,tabpfn:v2,native,20,-0.01790833666953759,0.0034205900484149043,-0.02506771392113951,-0.01074895941793567
0.0,interaction_l1_logistic_cv,operational,tabpfn:v2,native_indicators,20,-0.015369861862031098,0.0033756421645552864,-0.022435162111520086,-0.008304561612542108
0.0,interaction_l1_logistic_cv,operational,xgboost,native,20,0.07015205975464951,0.003680024837376006,0.062449679249201674,0.07785444026009734
0.0,interaction_l1_logistic_cv,operational,xgboost,native_indicators,20,0.07015205975464951,0.003680024837376006,0.062449679249201674,0.07785444026009734
0.0,interaction_l2_logistic_cv,operational,tabicl:v2,native,20,-0.01662894455976031,0.0025661550163968835,-0.02199996873641942,-0.011257920383101203
0.0,interaction_l2_logistic_cv,operational,tabicl:v2,native_indicators,20,-0.016813166867363886,0.0025113562932974334,-0.022069495998424987,-0.011556837736302786
0.0,interaction_l2_logistic_cv,operational,tabpfn:v2,native,20,-0.018684860967333163,0.0022438386024599376,-0.023381269136491634,-0.013988452798174693
0.0,interaction_l2_logistic_cv,operational,tabpfn:v2,native_indicators,20,-0.01614638615982667,0.0022184087623490826,-0.020789569061933365,-0.011503203257719977
0.0,interaction_l2_logistic_cv,operational,xgboost,native,20,0.06937553545685395,0.0034612853174597587,0.06213098202824053,0.07662008888546736
0.0,interaction_l2_logistic_cv,operational,xgboost,native_indicators,20,0.06937553545685395,0.0034612853174597587,0.06213098202824053,0.07662008888546736
0.0,pilot_mixture_known_beta_reference,parameter_informed_reference,tabicl:v2,native,20,0.009177263887398878,0.002148232114841805,0.004680962396582646,0.01367356537821511
0.0,pilot_mixture_known_beta_reference,parameter_informed_reference,tabicl:v2,native_indicators,20,0.008993041579795302,0.0016391476453029958,0.005562266129449468,0.012423817030141136
0.0,pilot_mixture_known_beta_reference,parameter_informed_reference,tabpfn:v2,native,20,0.007121347479826029,0.001170770589226666,0.004670896474380881,0.009571798485271177
0.0,pilot_mixture_known_beta_reference,parameter_informed_reference,tabpfn:v2,native_indicators,20,0.00965982228733252,0.0015021314851894672,0.006515824955946957,0.012803819618718085
0.0,pilot_mixture_known_beta_reference,parameter_informed_reference,xgboost,native,20,0.09518174390401313,0.0038000686336870644,0.08722810884530376,0.1031353789627225
0.0,pilot_mixture_known_beta_reference,parameter_informed_reference,xgboost,native_indicators,20,0.09518174390401313,0.0038000686336870644,0.08722810884530376,0.1031353789627225
0.0,sparse_mixture_fitted_base,operational,tabicl:v2,native,20,0.004820076494277459,0.00172012292520063,0.0012198178352934349,0.008420335153261483
0.0,sparse_mixture_fitted_base,operational,tabicl:v2,native_indicators,20,0.004635854186673882,0.001238564575279179,0.0020435087376766063,0.0072281996356711575
0.0,sparse_mixture_fitted_base,operational,tabpfn:v2,native,20,0.002764160086704609,0.000695007085808957,0.0013094935381222743,0.004218826635286944
0.0,sparse_mixture_fitted_base,operational,tabpfn:v2,native_indicators,20,0.0053026348942111,0.0012004171628672005,0.002790132897005528,0.007815136891416672
0.0,sparse_mixture_fitted_base,operational,xgboost,native,20,0.09082455651089172,0.003305545264483376,0.08390597075939268,0.09774314226239075
0.0,sparse_mixture_fitted_base,operational,xgboost,native_indicators,20,0.09082455651089172,0.003305545264483376,0.08390597075939268,0.09774314226239075
0.0,u_logistic_cv,operational,tabicl:v2,native,20,0.004820231395175645,0.0017201060553486704,0.001220008045197567,0.008420454745153724
0.0,u_logistic_cv,operational,tabicl:v2,native_indicators,20,0.0046360090875720685,0.001238592182893858,0.002043605855173185,0.0072284123199709525
0.0,u_logistic_cv,operational,tabpfn:v2,native,20,0.002764314987602795,0.000695034458042573,0.0013095911482770791,0.004219038826928511
0.0,u_logistic_cv,operational,tabpfn:v2,native_indicators,20,0.005302789795109286,0.0012004209579536311,0.002790279854696526,0.007815299735522047
0.0,u_logistic_cv,operational,xgboost,native,20,0.0908247114117899,0.003305516950812888,0.08390618492148427,0.09774323790209552
0.0,u_logistic_cv,operational,xgboost,native_indicators,20,0.0908247114117899,0.003305516950812888,0.08390618492148427,0.09774323790209552
0.9,histgb_native_indicators,operational,tabicl:v2,native,20,-0.07382181585127741,0.006734048888921447,-0.08791634215935124,-0.05972728954320358
0.9,histgb_native_indicators,operational,tabicl:v2,native_indicators,20,-0.0799644788263543,0.007172507366397136,-0.09497670927464397,-0.06495224837806463
0.9,histgb_native_indicators,operational,tabpfn:v2,native,20,0.0293419938363276,0.009590912997187647,0.009267982229477008,0.049416005443178194
0.9,histgb_native_indicators,operational,tabpfn:v2,native_indicators,20,-0.07455188914442326,0.006983122808840464,-0.08916773315821334,-0.05993604513063318
0.9,histgb_native_indicators,operational,xgboost,native,20,0.030791367650386165,0.010284472962032628,0.009265718353940477,0.05231701694683186
0.9,histgb_native_indicators,operational,xgboost,native_indicators,20,0.030791367650386165,0.010284472962032628,0.009265718353940477,0.05231701694683186
0.9,interaction_l1_logistic_cv,operational,tabicl:v2,native,20,0.016675313259731338,0.003149309361738027,0.010083733010840513,0.023266893508622162
0.9,interaction_l1_logistic_cv,operational,tabicl:v2,native_indicators,20,0.010532650284654447,0.0033281456667671266,0.0035667613475362236,0.01749853922177267
0.9,interaction_l1_logistic_cv,operational,tabpfn:v2,native,20,0.11983912294733634,0.008083520045945206,0.10292012104688164,0.13675812484779104
0.9,interaction_l1_logistic_cv,operational,tabpfn:v2,native_indicators,20,0.01594523996658546,0.004456158767506182,0.006618392475932744,0.025272087457238177
0.9,interaction_l1_logistic_cv,operational,xgboost,native,20,0.1212884967613949,0.010397522403613808,0.09952623226438238,0.14305076125840743
0.9,interaction_l1_logistic_cv,operational,xgboost,native_indicators,20,0.1212884967613949,0.010397522403613808,0.09952623226438238,0.14305076125840743
0.9,interaction_l2_logistic_cv,operational,tabicl:v2,native,20,-0.0011929840144914564,0.002774730111503093,-0.0070005608823583525,0.004614592853375439
0.9,interaction_l2_logistic_cv,operational,tabicl:v2,native_indicators,20,-0.0073356469895683495,0.002821352786162499,-0.013240806236978233,-0.0014304877421584669
0.9,interaction_l2_logistic_cv,operational,tabpfn:v2,native,20,0.10197082567311355,0.007682224882574898,0.0858917442025106,0.1180499071437165
0.9,interaction_l2_logistic_cv,operational,tabpfn:v2,native_indicators,20,-0.0019230573076373352,0.003174889480371571,-0.008568177360142783,0.004722062744868113
0.9,interaction_l2_logistic_cv,operational,xgboost,native,20,0.1034201994871721,0.01070558778660347,0.08101314673323172,0.12582725224111246
0.9,interaction_l2_logistic_cv,operational,xgboost,native_indicators,20,0.1034201994871721,0.01070558778660347,0.08101314673323172,0.12582725224111246
0.9,pilot_mixture_known_beta_reference,parameter_informed_reference,tabicl:v2,native,20,0.009671679870621818,0.002659428702288444,0.004105431625748354,0.015237928115495283
0.9,pilot_mixture_known_beta_reference,parameter_informed_reference,tabicl:v2,native_indicators,20,0.003529016895544926,0.00283920002737381,-0.002413497057025057,0.009471530848114909
0.9,pilot_mixture_known_beta_reference,parameter_informed_reference,tabpfn:v2,native,20,0.11283548955822682,0.008687583810726053,0.09465216766768939,0.13101881144876426
0.9,pilot_mixture_known_beta_reference,parameter_informed_reference,tabpfn:v2,native_indicators,20,0.00894160657747594,0.004097774199317958,0.000364866608769894,0.017518346546181986
0.9,pilot_mixture_known_beta_reference,parameter_informed_reference,xgboost,native,20,0.11428486337228538,0.010884639338359758,0.09150305141353997,0.13706667533103079
0.9,pilot_mixture_known_beta_reference,parameter_informed_reference,xgboost,native_indicators,20,0.11428486337228538,0.010884639338359758,0.09150305141353997,0.13706667533103079
0.9,sparse_mixture_fitted_base,operational,tabicl:v2,native,20,0.007753492857622166,0.002571675189718891,0.0023709148254155935,0.013136070889828738
0.9,sparse_mixture_fitted_base,operational,tabicl:v2,native_indicators,20,0.0016108298825452728,0.002793335703130211,-0.004235688936143678,0.0074573487012342225
0.9,sparse_mixture_fitted_base,operational,tabpfn:v2,native,20,0.11091730254522716,0.008372315277801091,0.09339384527769969,0.12844075981275466
0.9,sparse_mixture_fitted_base,operational,tabpfn:v2,native_indicators,20,0.007023419564476286,0.0040167024136594605,-0.0013836352067126932,0.015430474335665266
0.9,sparse_mixture_fitted_base,operational,xgboost,native,20,0.11236667635928572,0.01088447381033385,0.08958521085468021,0.13514814186389124
0.9,sparse_mixture_fitted_base,operational,xgboost,native_indicators,20,0.11236667635928572,0.01088447381033385,0.08958521085468021,0.13514814186389124
0.9,u_logistic_cv,operational,tabicl:v2,native,20,-0.4152713292494613,0.002760972170758,-0.4210501104164096,-0.409492548082513
0.9,u_logistic_cv,operational,tabicl:v2,native_indicators,20,-0.4214139922245382,0.003112015264469629,-0.4279275150307588,-0.41490046941831754
0.9,u_logistic_cv,operational,tabpfn:v2,native,20,-0.3121075195618563,0.008180757362009565,-0.3292300415038198,-0.2949849976198928
0.9,u_logistic_cv,operational,tabpfn:v2,native_indicators,20,-0.4160014025426072,0.004041970420715483,-0.4244613438603714,-0.407541461224843
0.9,u_logistic_cv,operational,xgboost,native,20,-0.31065814574779776,0.01022920780651982,-0.33206812374438455,-0.289248167751211
0.9,u_logistic_cv,operational,xgboost,native_indicators,20,-0.31065814574779776,0.01022920780651982,-0.33206812374438455,-0.289248167751211
