protocol,family,gamma,model,comparison,n_tasks,mean,se,ci_low,ci_high,empirical_gain_mean,empirical_gain_ci_low,empirical_gain_ci_high,mean_baseline_to_oracle_gap,fraction_mean,fraction_valid_tasks,cold_start_tasks
development,label_only,0.0,tabicl:v2,imputed_to_indicators,3,0.001433211076088255,0.001003767215778207,-0.0028856506748593438,0.005752072827035853,0.0007625205276943214,-0.003995877425765143,0.005520918481153786,0.014149235409591046,0.09209028976142282,3,0
development,label_only,0.0,tabicl:v2,native_to_width_control,3,0.0015454089790533827,0.0015775365093852309,-0.0052421827892483045,0.00833300074735507,0.0017333180340526333,-0.004152135778311574,0.007618771846416841,0.014149265900739135,0.06604629188328297,3,0
development,label_only,0.0,tabpfn:v2,imputed_to_indicators,3,-0.0010634404325909896,0.001083757832097124,-0.0057264740271932525,0.003599593162011273,-0.001827777502375505,-0.004759894969449072,0.001104339964698062,0.0108220630479365,-0.1444607480885702,3,0
development,label_only,0.0,tabpfn:v2,native_to_width_control,3,0.0001785875609992734,0.0017465760944069138,-0.007336322839222661,0.007693497961221207,-0.0008555498220516414,-0.008567494714983881,0.006856395070880599,0.010474002427922402,-0.042728381765099056,3,0
development,label_only,0.0,xgboost,imputed_to_indicators,3,-0.0008438782995155991,0.002413503777720826,-0.011228346916858062,0.009540590317826864,-0.0025023236049677524,-0.021521845410319748,0.01651719820038424,0.1001378220374766,-0.008950248728082031,3,0
development,label_only,0.0,xgboost,native_to_width_control,3,-0.004661190644953443,0.001483783862869585,-0.011045397332808349,0.0017230160429014627,-0.010701082852483834,-0.044983756178131135,0.023581590473163466,0.11139918423060298,-0.043207541196998066,3,0
development,label_only,0.5,tabicl:v2,imputed_to_indicators,3,0.003415850968823945,0.0007948849092677711,-4.2627558313008615e-06,0.006835964693479191,0.0026297363462458034,-0.0026734959399987313,0.007932968632490338,0.019637096773964007,0.17448832902436093,3,0
development,label_only,0.5,tabicl:v2,native_to_width_control,3,0.0007816035305065657,0.0017710406495736867,-0.006838569354784486,0.008401776415797617,0.0022458440361510235,-0.00972833929558393,0.014220027367885977,0.019636986873055078,0.047607040277207684,3,0
development,label_only,0.5,tabpfn:v2,imputed_to_indicators,3,0.004159033875038058,0.000546581888190952,0.001807281821810787,0.006510785928265329,0.0021088036356377384,-0.0023793449361817934,0.00659695220745727,0.020046596258345744,0.20684628282119422,3,0
development,label_only,0.5,tabpfn:v2,native_to_width_control,3,0.004136453763202412,0.002838811733146599,-0.008077967289514237,0.016350874815919063,0.005354284349000908,-0.012447696009592057,0.023156264707593875,0.027689588037512276,0.1445488360320838,3,0
development,label_only,0.5,xgboost,imputed_to_indicators,3,0.0013260095851473548,0.006893764363814114,-0.028335464472699433,0.03098748364299414,-0.000960330561114664,-0.012047046143195852,0.010126385020966524,0.0954167191469328,-0.013306888353005772,3,0
development,label_only,0.5,xgboost,native_to_width_control,3,0.0008086891604212424,0.003964792151900298,-0.016250434614630414,0.0178678129354729,0.0010063750041738873,-0.036521666610866144,0.03853441661921392,0.10876066795242349,0.0037110501237521292,3,0
development,label_only,0.9,tabicl:v2,imputed_to_indicators,3,0.0036478668633186753,0.0014417026023149928,-0.00255527877394196,0.00985101250057931,0.003123878829301735,-0.002264462430370453,0.008512220088973923,0.014613836214234491,0.2399792287484983,3,0
development,label_only,0.9,tabicl:v2,native_to_width_control,3,0.0017128586943929898,0.0009272245323118106,-0.0022766664705996505,0.00570238385938563,0.0027947004313578863,-0.0019388257332794254,0.007528226595995198,0.014613889449108639,0.10135793674739434,3,0
development,label_only,0.9,tabpfn:v2,imputed_to_indicators,3,0.00395115500173381,0.0015147329762182121,-0.0025662149731522418,0.010468524976619861,0.002997437304813185,-0.023551599155751255,0.029546473765377623,0.01486902742876553,0.2616912299711942,3,0
development,label_only,0.9,tabpfn:v2,native_to_width_control,3,0.00581585054734667,0.002661260923411593,-0.0056346310292038964,0.017266332123897235,0.00891034028903905,0.007451711611222395,0.010368968966855706,0.02878201453239392,0.2229584596160731,3,0
development,label_only,0.9,xgboost,imputed_to_indicators,3,-0.0182898630151896,0.0066597673924927644,-0.04694452936563995,0.010364803335260752,-0.017663595259751873,-0.05175510260253875,0.016427912083035002,0.038058111196736966,-0.46042756872868534,3,0
development,label_only,0.9,xgboost,native_to_width_control,3,0.003958582963179275,0.005205758891374076,-0.018439989740931355,0.026357155667289904,0.004418192041550639,-0.02636626389779943,0.03520264798090071,0.0553983445472451,0.04643302307962729,3,0
