Object ID,Description,Environment,Interval Start,Cost
ap-29sdBNwyGIJse79T72LRNz,mira-large-native-a100,main,2026-10-03T00:00:00,0.03959207
ap-FGMu0nPPjGLxIT7Ds63p70,mira-large-native-a100-repair,main,2026-10-03T00:00:00,0.02403769
ap-raKw2bH4mQsaJMMJXkJwvJ,mira-large-native-a100-final,main,2026-10-03T00:00:00,0.04970574
ap-0BKY31LVWA427ixLjBYvtg,mira-mechanism,main,2026-10-01T00:00:00,0.02287388
ap-0gxIvK3ACXtGFW0Zgo9smI,mira-mechanism,main,2026-09-30T00:00:00,0.00207958
ap-46gFmLnPQEyisbQPkZnt9W,mira-mechanism,main,2026-10-01T00:00:00,0.03701419
ap-5dg5UyrZ8ROZmuPJMtmaWL,mira-mechanism,main,2026-10-01T00:00:00,0.03867769
ap-7VztbB5stcNdWqiWhgIa8u,mira-mechanism,main,2026-10-01T00:00:00,0.03992546
ap-9DEEsT9Q7UpadyP0e18VaU,mira-mechanism,main,2026-09-30T00:00:00,0.01455621
ap-Cn2zflLYfBc8J6zfuoGUWA,mira-mechanism,main,2026-09-30T00:00:00,0.01829925
ap-E0f5FJ0uCR2kA0Iya8aQ9X,mira-mask-compiler-v2,main,2026-10-01T00:00:00,0.00083175
ap-O5AeTSP3M9XUBSWKmtPPME,mira-mechanism,main,2026-09-30T00:00:00,0.00780190
ap-OxkDlZNjhQBeM4RQFvYNEr,mira-mechanism,main,2026-09-30T00:00:00,0.02162610
ap-YxXeodVn0RKQ7KNA7oeY7a,mira-mechanism,main,2026-09-30T00:00:00,0.00457858
ap-Z8O54HDXZsq7bHTXnwLX5Q,mira-mechanism,main,2026-10-01T00:00:00,0.05441791
ap-fugafrVPiRvgmFpE7d89tL,mira-mechanism,main,2026-09-30T00:00:00,0.01663550
ap-pujBzefTZl9A1QK5kYljq7,mira-mechanism,main,2026-09-30T00:00:00,0.05489737
ap-qidELUGzO6TT1B1KoZAiId,mira-mechanism,main,2026-09-30T00:00:00,0.01580386
ap-qketZYlsgqTFqEhubaiEDo,mira-mechanism,main,2026-09-30T00:00:00,0.01455617
ap-rpDp4nsetQ8Ef7hl4JRa30,mira-mechanism,main,2026-10-01T00:00:00,0.02412172
ap-t3dvxkWY4V4uBo6Ym9NLbd,mira-mechanism,main,2026-09-30T00:00:00,0.01871503
ap-uafeBpvdQHnia3DQqj0hME,mira-mask-compiler-gpu-repair,main,2026-10-01T00:00:00,0.03950951
ap-yd9YbpSmYeKwFYgpgepUj5,mira-policy-native-gpu,main,2026-10-03T00:00:00,0.00415897
ap-zFubqkegN8iE4QwcXSORx3,mira-mechanism,main,2026-10-01T00:00:00,0.06420522
ap-zx9N3EiGQwGgJhcZsviOpj,mira-mechanism,main,2026-09-30T00:00:00,0.03243931
