protocol,family,gamma,model,mode,n_tasks,mean,se,ci_low,ci_high,empirical_nll,oracle_nll,analytic_base_nll,seconds_total,cold_start_tasks
development,label_only,0.0,tabicl:v2,native,3,0.6284420263418246,0.002212450413709671,0.6189226205299593,0.6379614321536898,0.6364851758824334,0.6191210810456875,0.6191210810456875,3.271749113000002,0
development,label_only,0.0,tabicl:v2,native_indicators,3,0.6271381570485977,0.0021375408217156216,0.617941061197206,0.6363352528999893,0.6350992069719764,0.6191210810456875,0.6191210810456875,3.1327706110000086,0
development,label_only,0.0,tabicl:v2,native_shuffled,3,0.6261448329219723,0.0011573278580007996,0.6211652530545918,0.6311244127893528,0.6333359097463694,0.6191210810456875,0.6191210810456875,3.0933052559999936,0
development,label_only,0.0,tabpfn:v2,native,3,0.6288213215523172,0.0036034993559255577,0.6133167152120858,0.6443259278925486,0.6350048645957213,0.6191210810456875,0.6191210810456875,11.616766407000004,0
development,label_only,0.0,tabpfn:v2,native_indicators,3,0.626169582637591,0.002219521567987355,0.6166197521044707,0.6357194131707113,0.6325737322442279,0.6191210810456875,0.6191210810456875,1.5214117739999988,0
development,label_only,0.0,tabpfn:v2,native_shuffled,3,0.6277600804979698,0.0009652138534906221,0.6236071004765079,0.6319130605194317,0.6329598489575514,0.6191210810456875,0.6191210810456875,1.4494757649999919,0
development,label_only,0.0,xgboost,native,3,0.711476359313702,0.0025034876662595055,0.7007047212727099,0.7222479973546941,0.7223789524816248,0.6191210810456875,0.6191210810456875,0.44670696800000087,0
development,label_only,0.0,xgboost,native_indicators,3,0.711476359313702,0.0025034876662595055,0.7007047212727099,0.7222479973546941,0.7223789524816248,0.6191210810456875,0.6191210810456875,0.34119364200000035,0
development,label_only,0.0,xgboost,native_shuffled,3,0.7225086325053591,0.009327792057578202,0.6823743825467823,0.762642882463936,0.7293608698702165,0.6191210810456875,0.6191210810456875,0.35536264499999604,0
development,label_only,0.5,tabicl:v2,native,3,0.5160117244214247,0.003328147607080615,0.5016918610349876,0.5303315878078618,0.5295573863476465,0.5036581659789798,0.6157461585658703,2.5628930889999957,0
development,label_only,0.5,tabicl:v2,native_indicators,3,0.5101960919230222,0.0019629083980700086,0.5017503787459228,0.5186418051001216,0.5231661359446662,0.5036581659789798,0.6157461585658703,2.906787383000001,0
development,label_only,0.5,tabicl:v2,native_shuffled,3,0.5132139955808527,0.002472996479472591,0.502573550527921,0.5238544406337844,0.525605877792329,0.5036581659789798,0.6157461585658703,2.8729108110000077,0
development,label_only,0.5,tabpfn:v2,native,3,0.5339287421276456,0.011187540652907328,0.48579263979882736,0.5820648444564639,0.5499573722926293,0.5036581659789798,0.6157461585658703,1.1768070040000005,0
development,label_only,0.5,tabpfn:v2,native_indicators,3,0.5173045156051846,0.0020981586048476513,0.5082768677567014,0.5263321634536678,0.5323190503450962,0.5036581659789798,0.6157461585658703,1.4583159780000017,0
development,label_only,0.5,tabpfn:v2,native_shuffled,3,0.5306497824489246,0.010856234558477462,0.48393917519166996,0.5773603897061792,0.5458912808395727,0.5036581659789798,0.6157461585658703,1.411971617999999,0
development,label_only,0.5,xgboost,native,3,0.5908815556348143,0.005392822623443719,0.567678112653287,0.6140849986163415,0.6186310085058091,0.5036581659789798,0.6157461585658703,0.356666158000003,0
development,label_only,0.5,xgboost,native_indicators,3,0.5908815556348143,0.005392822623443719,0.567678112653287,0.6140849986163415,0.6186310085058091,0.5036581659789798,0.6157461585658703,0.37315693599999733,0
development,label_only,0.5,xgboost,native_shuffled,3,0.5962397824701554,0.006029753728572115,0.5702958461305191,0.6221837188097917,0.6223717849566373,0.5036581659789798,0.6157461585658703,0.3835442670000049,0
development,label_only,0.9,tabicl:v2,native,3,0.2011702824520576,0.005608695872158697,0.17703801184767848,0.2253025530564367,0.19583753909871537,0.1840960289083318,0.6189488169687384,2.549369680000005,0
development,label_only,0.9,tabicl:v2,native_indicators,3,0.19776293345590634,0.005781759235227638,0.17288603130000826,0.22263983561180442,0.19286375475843168,0.1840960289083318,0.6189488169687384,2.956685289999996,0
development,label_only,0.9,tabicl:v2,native_shuffled,3,0.19993807013327372,0.004602700009353467,0.18013425037405656,0.21974188989249088,0.19380919622600445,0.1840960289083318,0.6189488169687384,2.9191009930000007,0
development,label_only,0.9,tabpfn:v2,native,3,0.21156724086148793,0.006430473140165681,0.18389914805171634,0.23923533367125951,0.21204537045443475,0.1840960289083318,0.6189488169687384,1.1766981969999968,0
development,label_only,0.9,tabpfn:v2,native_indicators,3,0.194593013430062,0.004251489333096888,0.17630033124573863,0.21288569561438536,0.19012925620302945,0.1840960289083318,0.6189488169687384,1.4207169140000104,0
development,label_only,0.9,tabpfn:v2,native_shuffled,3,0.20039459552988872,0.0027443845518284413,0.18858646184662817,0.21220272921314928,0.19897647208128375,0.1840960289083318,0.6189488169687384,1.4604540740000012,0
development,label_only,0.9,xgboost,native,3,0.22570636768427269,0.0026251486623389063,0.214411264626402,0.23700147074214337,0.22002779941840211,0.1840960289083318,0.6189488169687384,0.35428584900000715,0
development,label_only,0.9,xgboost,native_indicators,3,0.22570636768427269,0.0026251486623389063,0.214411264626402,0.23700147074214337,0.22002779941840211,0.1840960289083318,0.6189488169687384,0.3570231779999915,0
development,label_only,0.9,xgboost,native_shuffled,3,0.22456496945850254,0.0038258089291325708,0.20810384222627443,0.24102609669073066,0.21833540471434912,0.1840960289083318,0.6189488169687384,0.3405515159999979,0
