family,protocol,new_labels,selected_simple,base_nll,simple_nll,oracle_nll,prior_reference_nll,oracle_gap,oracle_gap_se,same_label_prior_gap,same_label_prior_gap_se
label_only,fresh_target,8,mask_nb_a1_w128,0.6190241133673581,0.35995196856313166,0.29794217946237833,0.2979520933724562,0.06200978910075335,0.006341531516507745,0.06199987519067549,0.006335514547845802
label_only,fresh_target,32,sparse_likelihood_w128,0.6190241133673581,0.30534912460708236,0.29794217946237833,0.29794217946237833,0.0074069451447040255,0.0030431277978263194,0.0074069451447040255,0.0030431277978263194
label_only,fresh_target,128,sparse_likelihood_w128,0.6190241133673581,0.29794217960389313,0.29794217946237833,0.29794217946237833,1.4151478484418037e-10,7.261496040357859e-11,1.4151478484418037e-10,7.261496040357859e-11
label_only,rolling_128,8,analytic_base,0.6190241133673581,0.6190241133673581,0.29794217946237833,1.864815490024771,0.3210819339049798,0.0003500400389586155,-1.2457913766574131,0.00035004003895861246
label_only,rolling_128,32,sparse_likelihood_w32,0.6190241133673581,0.30534912460708236,0.29794217946237833,1.864815490024771,0.0074069451447040255,0.0030431277978263194,-1.5594663654176888,0.003099088831568622
label_only,rolling_128,128,sparse_likelihood_w128,0.6190241133673581,0.29794217960389313,0.29794217946237833,0.29794217946237833,1.4151478484418037e-10,7.261496040357859e-11,1.4151478484418037e-10,7.261496040357859e-11
joint_pair,fresh_target,8,lr_sparse_interactions_C3_w128,0.6177167986766041,0.5608268158911042,0.2972775619279808,0.3580763142558158,0.2635492539631234,0.041886092098596284,0.20275050163528832,0.03786354349895455
joint_pair,fresh_target,32,sparse_likelihood_w128,0.6177167986766041,0.30215263418985955,0.2972775619279808,0.29728263599131716,0.004875072261878755,0.0017406358075825789,0.004869998198542389,0.0017399002347735072
joint_pair,fresh_target,128,sparse_likelihood_w128,0.6177167986766041,0.2981178644436581,0.2972775619279808,0.2972775619279808,0.0008403025156773375,0.0008381345494270606,0.0008403025156773375,0.0008381345494270606
joint_pair,rolling_128,8,analytic_base,0.6177167986766041,0.6177167986766041,0.2972775619279808,1.862865478177661,0.32043923674862335,0.000472954117430116,-1.2451486795010565,0.0004729541174301176
joint_pair,rolling_128,32,sparse_likelihood_w32,0.6177167986766041,0.30215263418985955,0.2972775619279808,1.8628547997954878,0.004875072261878755,0.0017406358075825789,-1.5607021656056281,0.0018294147219045378
joint_pair,rolling_128,128,sparse_likelihood_w128,0.6177167986766041,0.2981178644436581,0.2972775619279808,0.2972775619279808,0.0008403025156773375,0.0008381345494270606,0.0008403025156773375,0.0008381345494270606
value_dependent,fresh_target,8,sparse_likelihood_w128,0.6205094192601396,0.5338464777105095,0.29869728483009755,0.4107711394534901,0.235149192880412,0.01172908117964633,0.12307533825701948,0.020543259302560728
value_dependent,fresh_target,32,sparse_likelihood_w128,0.6205094192601396,0.30598636161541565,0.29869728483009755,0.29869728655904254,0.007289076785318072,0.002751496607663583,0.007289075056373075,0.002751496216526733
value_dependent,fresh_target,128,sparse_likelihood_w128,0.6205094192601396,0.29872164753304215,0.29869728483009755,0.29869728483009755,2.4362702944612236e-05,2.436130413935198e-05,2.4362702944612236e-05,2.436130413935198e-05
value_dependent,rolling_128,8,analytic_base,0.6205094192601396,0.6205094192601396,0.29869728483009755,1.8670309964426146,0.321812134430042,0.0004699260383331109,-1.2465215771824754,0.0004699260383331076
value_dependent,rolling_128,32,sparse_likelihood_w32,0.6205094192601396,0.30598636161541565,0.29869728483009755,1.8670309947696773,0.007289076785318072,0.002751496607663583,-1.5610446331542616,0.0027119928234029386
value_dependent,rolling_128,128,sparse_likelihood_w128,0.6205094192601396,0.29872164753304215,0.29869728483009755,0.29869728483009755,2.4362702944612236e-05,2.436130413935198e-05,2.4362702944612236e-05,2.436130413935198e-05
sparse_pair,fresh_target,8,sparse_likelihood_w128,0.6187295072398642,0.6145031181242445,0.29779240649688027,0.5821896883764749,0.31671071162736425,0.0020123787468748207,0.03231342974776974,0.011299084634795552
sparse_pair,fresh_target,32,sparse_likelihood_w128,0.6187295072398642,0.3402720076564001,0.29779240649688027,0.2986763366314761,0.042479601159519785,0.013121618559905181,0.04159567102492402,0.012841861634990563
sparse_pair,fresh_target,128,sparse_likelihood_w128,0.6187295072398642,0.2979971971250444,0.29779240649688027,0.29779240649688027,0.0002047906281641039,0.00020477988276714705,0.0002047906281641039,0.00020477988276714705
sparse_pair,rolling_128,8,analytic_base,0.6187295072398642,0.6187295072398642,0.29779240649688027,1.8643760507352816,0.3209371007429839,0.00047176012377272584,-1.2456465434954171,0.0004717601237727306
sparse_pair,rolling_128,32,sparse_likelihood_w32,0.6187295072398642,0.3402720076564001,0.29779240649688027,1.8317613768230883,0.042479601159519785,0.013121618559905181,-1.4914893691666882,0.025445541086596846
sparse_pair,rolling_128,128,sparse_likelihood_w128,0.6187295072398642,0.2979971971250444,0.29779240649688027,0.29779240649688027,0.0002047906281641039,0.00020477988276714705,0.0002047906281641039,0.00020477988276714705
